food_type,Sample ID,Date,Time,Sample Mass (mg),N (mg),C (mg),wt%N,wt%C,C/N,average_CN,CN_SD
algae,r4s1 algae -1 duplicate,07/28/2025,11:13,6.04,0.073,0.744,1.21,12.32,10.21,10.17,0.05
algae,r4s1 algae -2 duplicate,07/28/2025,11:19,6.78,0.083,0.845,1.23,12.47,10.14,,
algae,s2-1,07/28/2025,11:25,6.29,0.073,0.752,1.16,11.96,10.30,10.41,0.15
algae,s2-2,07/28/2025,11:31,6.53,0.074,0.777,1.13,11.90,10.52,,
algae,s3-1,07/28/2025,11:37,7.28,0.092,0.917,1.26,12.60,10.01,9.97,0.07
algae,s3-2,07/28/2025,11:44,5.96,0.077,0.763,1.29,12.80,9.92,,
algae,s4-1,07/28/2025,11:50,5.67,0.076,0.589,1.34,10.38,7.74,7.93,0.27
algae,s4-2,07/28/2025,11:56,7.51,0.096,0.778,1.28,10.36,8.12,,
algae,s5-1,07/28/2025,12:02,6.13,0.068,0.766,1.12,12.50,11.21,11.19,0.03
algae,s5-2,07/28/2025,12:08,7.21,0.080,0.894,1.11,12.39,11.16,,
algae,s6-1,07/28/2025,12:14,7.27,0.084,0.920,1.15,12.65,11.00,11.19,0.27
algae,s6-2,07/28/2025,12:20,7.46,0.084,0.952,1.12,12.76,11.39,,
algae,r3s1 algae -1,07/28/2025,12:27,3.01,0.036,0.346,1.18,11.48,9.71,9.91,0.28
algae,r3s1 algae -2,07/28/2025,12:33,4.45,0.052,0.521,1.16,11.70,10.11,,
algae,s2-1,07/28/2025,12:39,3.83,0.042,0.449,1.08,11.73,10.81,10.50,0.44
algae,s2-2,07/28/2025,12:45,3.17,0.038,0.382,1.18,12.05,10.19,,
algae,s3-1,07/28/2025,12:51,3.18,0.034,0.354,1.08,11.12,10.27,9.82,0.63
algae,s3-2,07/28/2025,12:57,3.14,0.037,0.346,1.18,11.02,9.37,,
algae,s4-1,07/28/2025,13:03,2.95,0.035,0.344,1.17,11.65,9.93,9.98,0.07
algae,s4-2,07/28/2025,13:09,3.08,0.035,0.346,1.12,11.23,10.03,,
algae,s5-1,07/28/2025,13:15,3.20,0.039,0.361,1.22,11.27,9.24,9.26,0.03
algae,s5-2,07/28/2025,13:21,3.56,0.043,0.397,1.20,11.16,9.28,,
algae,s6-1,07/28/2025,13:27,3.51,0.041,0.444,1.16,12.64,10.91,10.23,0.96
algae,s6-2,07/28/2025,13:33,2.62,0.034,0.323,1.29,12.32,9.55,,
lettuce,R4S1 LETTUCE-1,07/28/2025,15:19,2.19,0.088,0.894,4.00,40.81,10.19,10.35,0.23
lettuce,S1-2,07/28/2025,15:25,2.60,0.101,1.058,3.87,40.71,10.52,,
lettuce,S4-1,07/28/2025,15:31,2.89,0.165,1.198,5.70,41.44,7.27,7.24,0.04
lettuce,S4-2,07/28/2025,15:37,2.25,0.128,0.926,5.70,41.17,7.22,,
lettuce,R3S1 LETTUCE-1,07/28/2025,15:43,2.45,0.089,0.937,3.62,38.25,10.55,10.48,0.10
lettuce,S1-2,07/28/2025,15:49,2.03,0.074,0.768,3.63,37.83,10.41,,
lettuce,S2-1,07/28/2025,15:55,2.33,0.086,0.915,3.67,39.29,10.70,10.64,0.08
lettuce,S2-2,07/28/2025,16:01,2.11,0.078,0.822,3.68,38.94,10.59,,
lettuce,S3-1,07/28/2025,16:07,2.33,0.079,0.865,3.38,37.11,10.98,11.01,0.04
lettuce,S3-2,07/28/2025,16:13,2.64,0.088,0.972,3.34,36.83,11.03,,
lettuce,S5-1,07/28/2025,16:19,2.11,0.092,0.811,4.37,38.42,8.80,8.80,0.01
lettuce,S5-2,07/28/2025,16:25,2.27,0.099,0.870,4.35,38.34,8.81,,
lettuce,S6-1,07/28/2025,16:32,2.23,0.095,0.841,4.26,37.70,8.85,8.81,0.05
lettuce,S6-2,07/28/2025,16:38,2.48,0.106,0.934,4.29,37.66,8.78,,
lettuce,R2S1 LETTUCE-1,07/28/2025,16:44,2.21,0.074,0.843,3.35,38.14,11.38,11.32,0.09
lettuce,S1-2,07/28/2025,16:50,2.04,0.068,0.764,3.33,37.45,11.26,,
lettuce,S2-1,07/28/2025,16:56,2.45,0.120,0.981,4.89,40.06,8.20,8.56,0.51
lettuce,S2-2,07/28/2025,17:02,2.63,0.117,1.046,4.46,39.77,8.92,,
lettuce,S3-1,07/28/2025,17:08,2.41,0.110,0.979,4.56,40.60,8.91,8.83,0.11
lettuce,S3-2,07/28/2025,17:14,2.10,0.097,0.846,4.60,40.28,8.75,,
lettuce,S4-1,07/28/2025,17:20,1.99,0.110,0.817,5.55,41.06,7.40,7.43,0.03
lettuce,S4-2,07/28/2025,17:26,2.25,0.124,0.923,5.51,41.04,7.45,,
lettuce,S5-1,07/28/2025,17:32,3.80,0.121,1.416,3.18,37.27,11.71,11.68,0.04
lettuce,S5-2,07/28/2025,17:38,3.67,0.117,1.367,3.19,37.24,11.66,,
lettuce,S6-1,07/28/2025,17:44,1.60,0.053,0.587,3.28,36.69,11.17,11.40,0.31
lettuce,S6-2,07/28/2025,17:50,2.33,0.076,0.878,3.24,37.69,11.62,,
algae,r2s1 algae-1,08/01/2025,11:52,2.92,0.0200,0.3784,0.68,12.96,18.96,17.44,2.15
algae,s1-2,08/01/2025,11:58,3.91,0.0288,0.4590,0.74,11.74,15.92,,
algae,s2-1,08/01/2025,12:04,5.61,0.0584,0.7209,1.04,12.85,12.34,12.62,0.39
algae,s2-2,08/01/2025,12:11,5.32,0.0516,0.6645,0.97,12.49,12.89,,
algae,s3-1,08/01/2025,12:17,5.86,0.0578,0.8173,0.99,13.95,14.15,13.79,0.51
algae,s3-2,08/01/2025,12:23,5.92,0.0580,0.7788,0.98,13.15,13.42,,
algae,s4-1,08/01/2025,12:29,5.72,0.0445,0.7350,0.78,12.85,16.53,15.93,0.84
algae,s4-2,08/01/2025,12:35,6.57,0.0543,0.8322,0.83,12.67,15.34,,
algae,s5-1,08/01/2025,12:41,7.22,0.0746,0.9618,1.03,13.32,12.89,13.70,1.15
algae,s5-2,08/01/2025,12:47,5.1,0.0461,0.6696,0.90,13.13,14.51,,
algae,s6-1,08/01/2025,12:53,5.73,0.0618,0.9369,1.08,16.35,15.15,15.41,0.37
algae,s6-2,08/01/2025,12:59,5.9,0.0680,1.0664,1.15,18.08,15.67,,
algae,r1s1 algae-1,08/01/2025,13:05,4.27,0.0473,0.4531,1.11,10.61,9.57,10.27,0.99
algae,s1-2,08/01/2025,13:11,2.98,0.0262,0.2872,0.88,9.64,10.97,,
algae,s2-1,08/01/2025,13:17,3.71,0.0271,0.2767,0.73,7.46,10.22,10.22,
algae,s3-1,08/01/2025,13:23,2.02,0.0054,0.1329,0.27,6.58,24.73,24.73,
algae,s4-1,08/01/2025,13:29,1.82,0.0054,0.1261,0.30,6.93,23.26,23.26,
algae,s5-1,08/01/2025,13:35,2.89,0.0230,0.2952,0.79,10.21,12.85,16.73,5.49
algae,s5-2,08/01/2025,13:42,2.05,0.0084,0.1736,0.41,8.47,20.61,,
algae,s6-1,08/01/2025,13:48,2.75,0.0198,0.2329,0.72,8.47,11.75,,
lettuce,r1s1 lettuce-1,08/01/2025,14:39,2.74,0.1042,1.0559,3.80,38.54,10.13,10.14,0.01
lettuce,s1-2,08/01/2025,14:45,2.5,0.0956,0.9699,3.82,38.79,10.15,,
lettuce,s2-1,08/01/2025,14:51,2.55,0.0859,1.0090,3.37,39.57,11.74,11.77,0.04
lettuce,s2-2,08/01/2025,14:57,2.65,0.0891,1.0515,3.36,39.68,11.80,,
lettuce,s3-1,08/01/2025,15:03,2.46,0.1102,0.9811,4.48,39.88,8.91,8.89,0.01
lettuce,s3-2,08/01/2025,15:09,2.76,0.1258,1.1173,4.56,40.48,8.88,,
lettuce,s4-1,08/01/2025,15:16,2.33,0.0645,0.8664,2.77,37.19,13.43,13.39,0.06
lettuce,s4-2,08/01/2025,15:22,2.7,0.0754,1.0065,2.79,37.28,13.35,,
lettuce,s5-1,08/01/2025,15:28,2.26,0.0775,0.9114,3.43,40.33,11.76,11.71,0.07
lettuce,s5-2,08/01/2025,15:34,2.53,0.0865,1.0085,3.42,39.86,11.66,,
filter,filter paper 1-1,08/01/2025,15:40,20.75,0.0000,0.0075,0.00,0.036,,,
filter,filter paper 1-2,08/01/2025,15:46,16.11,0.0000,0.0029,0.00,0.018,,,
filter,filter paper 2-1,08/01/2025,15:52,18.03,0.0000,0.0021,0.00,0.012,,,
filter,filter paper 2-2,08/01/2025,15:58,18.36,0.0000,0.0033,0.00,0.018,,,
,,,,,,,,0.021,,,