"(G,Y,O,W)",(1-75),"(R=Regular, T = Tube, S = Sheet/fold, C = Corner)","(L = large, S = Small)",Num_staples,,,
Color,Jar_num,Shape,Abandance,#,,,
O,1,T,L,2,,,
O,2,R,S,0,,,
O,3,T,L,2,,,
O,4,R,L,0,,,
O,5,R,L,0,,,
O,6,R,L,0,,,
O,7,R,S,0,,,
O,8,T,L,2,,,
O,9,T,L,2,,,
O,10,T,L,2,,Treatment,Counts
O,11,R,L,0,,R + L,10
O,12,R,S,0,,R + S,9
O,13,S,S,1, ,T + L,10
O,14,T,S,2,,T + S,9
O,15,R,S,0,,S + L,10
O,16,R,L,0,,S + S,8
O,17,R,L,0,,C + L,10
O,18,R,S,0,,C + S,9
O,19,S,L,2,,,
O,20,T,S,2,,Total,75
O,21,S,S,1,,total non-metal contaminated ones:,19
O,22,R,S,0,,,
O,23,R,L,0,,,
O,24,R,S,0,,,
O,25,S,S,1,,,
O,26,T,L,2,,,
O,27,T,L,2,,,
O,28,T,L,2,,,
O,29,R,L,0,,,
O,30,R,S,2,,,
O,31,S,L,2,,,
O,32,S,L,2,,,
O,33,S,L,2,,,
O,34,R,L,0,,,
O,35,T,L,2,,,
O,36,R,S,0,,,
O,37,S,S,1,,,
O,38,S,S,1,,,
O,39,S,S,1,,,
O,40,T,S,2,,,
O,41,T,S,2,,,
O,42,T,S,2,,,
O,43,C,L,2,,,
O,44,C,L,2,,,
O,45,C,S,1,,,
O,46,T,S,2,,,
O,47,T,S,2,,,
O,48,T,S,2,,,
O,49,C,L,2,,,
O,50,C,L,2,,,
O,51,C,S,1,,,
O,52,C,S,1,,,
O,53,S,S,1,,,
O,54,S,L,2,,,
O,55,C,L,2,,,
O,56,C,L,2,,,
O,57,C,S,1,,,
O,58,T,S,2,,,
O,59,S,L,2,,,
O,60,R,L,0,,,
O,61,C,L,2,,,
O,62,C,L,2,,,
O,63,C,S,1,,,
O,64,C,L,2,,,
O,65,S,L,2,,,
O,66,S,L,2,,,
O,67,S,S,1,,,
O,68,C,L,2,,,
O,69,C,S,1,,,
O,70,C,S,1,,,
O,71,C,S,1,,,
O,72,S,L,2,,,
O,73,C,S,1,,,
O,74,S,L,2,,,
O,75,T,L,2,,,