"(G,Y,O,W)",(1-75),"(R=Regular, T = Tube, S = Sheet, C = Corner)","(L = large, S = Small)",Num_staples,,,,,
Color,Jar_num,Shape,Abandance,#,,,,,
W,1,C,S,1,,,,,
W,2,C,S,1,,,,,
W,3,T,S,2,,,,,
W,4,C,S,1,,,,,
W,5,T,S,2,,,,,
W,6,S,S,1,,,,,
W,7,S,L,2,,,,,
W,8,S,S,1,,,,,
W,9,T,L,2,,,,,
W,10,S,L,2,,Treatment,Counts,diff. ,how to correct
W,11,T,S,2,,R + L,9,-1,
W,12,S,L,2,,R + S,10,1,remove one RS replace with SS 
W,13,R,S,2, ,T + L,11,1,remove one TL replace with RL
W,14,C,L,2,,T + S,9,,
W,15,T,L,2,,S + L,10,,
W,16,C,L,2,,S + S,7,-1,
W,17,S,S,1,,C + L,10,,
W,18,R,L,0,,C + S,9,,
W,19,R,L,0,,,,,
W,20,T,L,2,,Total,75,,
W,21,T,S,2,,total non-metal contaminated ones:,19,,
W,22,C,L,2,,,,,
W,23,S,L,2,,,,,
W,24,S,L,2,,,,,
W,25,T,L,2,,,,,
W,26,C,S,1,,,,,
W,27,S,S,1,,,,,
W,28,C,L,2,,,,,
W,29,R,L,0,,,,,
W,30,R,S,0,,,,,
W,31,C,S,1,,,,,
W,32,T,L,2,,,,,
W,33,S,S,1,,,,,
W,34,R,S,0,,,,,
W,35,T,L,2,,,,,
W,36,T,S,2,,,,,
W,37,R,S,0,,,,,
W,38,R,S,0,,,,,
W,39,C,S,1,,,,,
W,40,C,L,2,,,,,
W,41,S,L,2,,,,,
W,42,T,L,2,,,,,
W,43,S,L,2,,,,,
W,44,S,L,2,,,,,
W,45,C,S,1,,,,,
W,46,R,S,0,,,,,
W,47,T,S,2,,,,,
W,48,T,L,2,,,,,
W,49,R,S,0,,,,,
W,50,C,L,2,,,,,
W,51,R,S,0,,,,,
W,52,C,L,2,,,,,
W,53,T,L,2,,,,,
W,54,R,L,0,,,,,
W,55,R,S,0,,,,,
W,56,R,L,0,,,,,
W,57,S,S,1,,,,,
W,58,T,L,2,,,,,
W,59,C,L,2,,,,,
W,60,T,L,2,,,,,
W,61,S,L,2,,,,,
W,62,R,L,0,,,,,
W,63,T,S,2,,,,,
W,64,S,S,1,,,,,
W,65,R,L,0,,,,,
W,66,R,S,0,,,,,
W,67,C,L,2,,,,,
W,68,C,L,2,,,,,
W,69,S,L,2,,,,,
W,70,R,L,0,,,,,
W,71,T,S,2,,,,,
W,72,C,S,1,,,,,
W,73,C,S,1,,,,,
W,74,R,L,0,,,,,
W,75,T,S,2,,,,,