experiment_round_number,batch_number,test,sample_number,chlor_absolute_ug_per_unit,pheophytin_absolute_ug_per_unit,Chlor_pheophytin_ratio,DM_ug_per_unit,AFDM_ug_per_unit,AFDM_DM_ratio,autotropic_index,CN_ratio
2,1,chlor.a,backup1,0.65,0.18,3.71,,,,1208.643373,
2,1,chlor.a,sample1,0.76,0.18,4.32,,,,1266.381752,
2,1,chlor.a,sample2,0.54,0.15,3.55,,,,1738.878734,
2,1,chlor.a,sample3,0.87,0.23,3.84,,,,995.3444867,
2,1,chlor.a,sample4,0.76,0.16,4.58,,,,1055.000096,
2,1,chlor.a,sample5,1.03,NA,NA,,,,598.9680298,
2,1,AFDM,backup1,,,,1627.297,787.402,0.484,,
2,1,AFDM,sample1,,,,2229.428,962.708,0.432,,
2,1,AFDM,sample2,,,,2249.425,941.620,0.419,,
2,1,AFDM,sample3,,,,2460.361,865.683,0.352,,
2,1,AFDM,sample4,,,,2539.082,796.575,0.314,,
2,1,AFDM,sample5,,,,2764.977,614.439,0.222,,
2,1,C:N,backup1,,,,,,,,
2,1,C:N,sample1,,,,,,,,
2,1,C:N,sample2,,,,,,,,
2,1,C:N,sample3,,,,,,,,
2,1,C:N,sample4,,,,,,,,
2,1,C:N,Lettuce1,,,,,,,,
2,1,C:N,Lettuce2,,,,,,,,
2,1,C:N,Lettuce3,,,,,,,,
2,1,C:N,Lettuce4,,,,,,,,
2,1,C:N,Lettuce5,,,,,,,,
2,1,C:N,Lettuce6,,,,,,,,
2,2,chlor.a,backup1,1.14,0.47,2.41,,,,1419.918772,
2,2,chlor.a,sample1,0.89,0.29,3.06,,,,1455.699331,
2,2,chlor.a,sample2,0.93,0.33,2.81,,,,1594.770847,
2,2,chlor.a,sample3,0.88,0.26,3.43,,,,1877.033138,
2,2,chlor.a,sample4,0.80,0.28,2.84,,,,1916.683105,
2,2,chlor.a,sample5,1.14,0.26,4.38,,,,1120.113638,
2,2,AFDM,backup1,,,,5093.814,1612.430,0.317,,
2,2,AFDM,sample1,,,,3637.895,1301.984,0.358,,
2,2,AFDM,sample2,,,,4021.731,1481.691,0.368,,
2,2,AFDM,sample3,,,,3662.230,1655.046,0.452,,
2,2,AFDM,sample4,,,,5451.128,1535.088,0.282,,
2,2,AFDM,sample5,,,,3574.294,1276.534,0.357,,
2,2,C:N,backup1,,,,,,,,
2,2,C:N,sample1,,,,,,,,
2,2,C:N,sample2,,,,,,,,
2,2,C:N,sample3,,,,,,,,
2,2,C:N,sample4,,,,,,,,
2,2,C:N,Lettuce1,,,,,,,,
2,2,C:N,Lettuce2,,,,,,,,
2,2,C:N,Lettuce3,,,,,,,,
2,2,C:N,Lettuce4,,,,,,,,
2,2,C:N,Lettuce5,,,,,,,,
2,2,C:N,Lettuce6,,,,,,,,
2,3,chlor.a,backup1,45.18,13.22,3.42,,,,240.1706483,
2,3,chlor.a,sample1,NA,NA,NA,,,,NA,
2,3,chlor.a,sample2,9.40,4.25,2.21,,,,4071.437079,
2,3,chlor.a,sample3,28.60,24.28,1.18,,,,540.9748411,
2,3,chlor.a,sample4,30.47,9.50,3.21,,,,772.6296466,
2,3,chlor.a,sample5,20.08,2.62,7.67,,,,710.4921496,
2,3,AFDM,backup1,,,,52690.2497,10850.1784,0.206,,
2,3,AFDM,sample1,,,,71504.7213,13250.0761,0.185,,
2,3,AFDM,sample2,,,,216823.1612,38262.9108,0.176,,
2,3,AFDM,sample3,,,,89683.6314,15474.5530,0.173,,
2,3,AFDM,sample4,,,,134977.5785,23542.6009,0.174,,
2,3,AFDM,sample5,,,,71778.8676,14266.6072,0.199,,
2,3,C:N,backup1,,,,,,,,
2,3,C:N,sample1,,,,,,,,
2,3,C:N,sample2,,,,,,,,
2,3,C:N,sample3,,,,,,,,
2,3,C:N,sample4,,,,,,,,
2,3,C:N,Lettuce1,,,,,,,,
2,3,C:N,Lettuce2,,,,,,,,
2,3,C:N,Lettuce3,,,,,,,,
2,3,C:N,Lettuce4,,,,,,,,
2,3,C:N,Lettuce5,,,,,,,,
2,3,C:N,Lettuce6,,,,,,,,
2,4,chlor.a,backup1,4.64,1.63,2.84,,,,1936.516647,
2,4,chlor.a,sample1,4.02,1.57,2.56,,,,2014.743763,
2,4,chlor.a,sample2,1.57,0.91,1.73,,,,4285.387842,
2,4,chlor.a,sample3,4.68,2.07,2.26,,,,2256.475909,
2,4,chlor.a,sample4,8.65,3.58,2.41,,,,1223.583967,
2,4,chlor.a,sample5,3.10,1.46,2.11,,,,1878.891045,
2,4,AFDM,backup1,,,,35068.4932,8986.3014,0.256,,
2,4,AFDM,sample1,,,,35358.0247,8098.7654,0.229,,
2,4,AFDM,sample2,,,,31428.5714,6742.8571,0.215,,
2,4,AFDM,sample3,,,,65054.9451,10549.4505,0.162,,
2,4,AFDM,sample4,,,,53968.2540,10582.0106,0.196,,
2,4,AFDM,sample5,,,,23757.5758,5818.1818,0.245,,
2,4,C:N,backup1,,,,,,,,
2,4,C:N,sample1,,,,,,,,
2,4,C:N,sample2,,,,,,,,
2,4,C:N,sample3,,,,,,,,
2,4,C:N,sample4,,,,,,,,
2,4,C:N,Lettuce1,,,,,,,,
2,4,C:N,Lettuce2,,,,,,,,
2,4,C:N,Lettuce3,,,,,,,,
2,4,C:N,Lettuce4,,,,,,,,
2,4,C:N,Lettuce5,,,,,,,,
2,4,C:N,Lettuce6,,,,,,,,
2,1-4 avergae,,,7.42,3.09,3.21,38391.91,7510.65,0.28,1572.98865,
2,1-2 lab seasoning,,,0.87,0.25,3.54,3275.97,1152.60,0.36,1353.95294,
2,3-4 field seasoning,,,14.58,5.92,2.87,73507.84,13868.71,0.20,1811.93669,
,reference value,,,,,1,,,0.300,400,
,interpretation,,,,,">1, Healthy, active algae with chlorophyll a dominates; little degradation",,,"measures how loaded your biofilm is with organic matter; low to medium organic load, mostly inorganic 0.3-0.6, moderate organic contents with some algae + microbs and detritus + mineral; < 0.3 low organic contents and high inorganic with mostly detritus +mineral + silt","<200 = Algae-dominated (healthy, productive, autotrophic biofilm; >400=Heterotrophic-dominated biofilm; >1000 Strongly heterotrophic, degraded, or detrital-dominated biofilm The small load of organic matter that is present is non-algal (heterotrophs dominate)",
,seasoning method resulted difference,,,,,0.8115993596,22.43848327,,0.555,1.338256766,
,,,,,,"very similar, a bit lower in health",32 times the absolute abundance in periphyton,,0.5 the time in organic contents,"very similar, a bit higher in heterotroph domination",